Workbook

Sheet Лист1
B2: Item | C2: x | D2: y | E2: Radius | G2: G0 | K2: Gx | L2: Gy | M2: V_len | N2: Ux | O2: Uy | P2: U_len | Q2: l | R2: ratio | S2: p | U2: G1 | Y2: Gx | Z2: Gy | AA2: V_len | AB2: Ux | AC2: Uy | AD2: U_len | AE2: l | AF2: ratio | AG2: p | AI2: G2 | AM2: Gx | AN2: Gy | AO2: V_len | AP2: Ux | AQ2: Uy | AR2: U_len | AS2: l | AT2: ratio | AU2: p | AX2: G3 | BB2: Gx | BC2: Gy | BD2: V_len | BE2: Ux | BF2: Uy | BG2: U_len | BH2: l | BI2: ratio | BJ2: p | BL2: G4 | BP2: Gx | BQ2: Gy | BR2: V_len | BS2: Ux | BT2: Uy | BU2: U_len | BV2: l | BW2: ratio | BX2: p
B3: 0 | C3: 6.5 | D3: 10.5 | E3: 0 | G3: 8 | H3: 2 | I3: 8 | J3: 2 | K3: =I3-G3 -> 0 | L3: =J3-H3 -> 0 | M3: =SQRT(K3^2+L3^2) -> 0 | N3: =$C3-G3 -> -1.5 | O3: =$D3-H3 -> 8.5 | P3: =SQRT(N3^2+O3^2) -> 8.6313383 | Q3: =IFERROR((K3*N3+L3*O3)/M3,0) -> 0 | R3: =IFERROR(Q3/M3,0) -> 0 | S3: =SQRT(P3^2-Q3^2) -> 8.6313383 | U3: 2.5 | V3: 2 | W3: 10 | X3: 8 | Y3: =W3-U3 -> 7.5 | Z3: =X3-V3 -> 6 | AA3: =SQRT(Y3^2+Z3^2) -> 9.6046864 | AB3: =$C3-U3 -> 4 | AC3: =$D3-V3 -> 8.5 | AD3: =SQRT(AB3^2+AC3^2) -> 9.3941471 | AE3: =(Y3*AB3+Z3*AC3)/AA3 -> 8.4333831 | AF3: =AE3/AA3 -> 0.87804878 | AG3: =SQRT(AD3^2-AE3^2) -> 4.1386047 | AI3: 11 | AJ3: 5 | AK3: 4 | AL3: 10 | AM3: =AK3-AI3 -> -7 | AN3: =AL3-AJ3 -> 5 | AO3: =SQRT(AM3^2+AN3^2) -> 8.6023253 | AP3: =$C3-AI3 -> -4.5 | AQ3: =$D3-AJ3 -> 5.5 | AR3: =SQRT(AP3^2+AQ3^2) -> 7.1063352 | AS3: =(AM3*AP3+AN3*AQ3)/AO3 -> 6.8586107 | AT3: =AS3/AO3 -> 0.7972973 | AU3: =SQRT(AR3^2-AS3^2) -> 1.8599622 | AX3: 4.5 | AY3: 7.5 | AZ3: 14.5 | BA3: 13 | BB3: =AZ3-AX3 -> 10 | BC3: =BA3-AY3 -> 5.5 | BD3: =SQRT(BB3^2+BC3^2) -> 11.412712 | BE3: =$C3-AX3 -> 2 | BF3: =$D3-AY3 -> 3 | BG3: =SQRT(BE3^2+BF3^2) -> 3.6055513 | BH3: =(BB3*BE3+BC3*BF3)/BD3 -> 3.1981881 | BI3: =BH3/BD3 -> 0.28023033 | BJ3: =SQRT(BG3^2-BH3^2) -> 1.6648102 | BL3: 0 | BM3: 15 | BN3: 10 | BO3: 15 | BP3: =BN3-BL3 -> 10 | BQ3: =BO3-BM3 -> 0 | BR3: =SQRT(BP3^2+BQ3^2) -> 10 | BS3: =$C3-BL3 -> 6.5 | BT3: =$D3-BM3 -> -4.5 | BU3: =SQRT(BS3^2+BT3^2) -> 7.9056942 | BV3: =(BP3*BS3+BQ3*BT3)/BR3 -> 6.5 | BW3: =BV3/BR3 -> 0.65 | BX3: =SQRT(BU3^2-BV3^2) -> 4.5
B4: 1 | C4: 8.5 | D4: 7.5 | E4: 0 | G4: 8 | H4: 2 | I4: 8 | J4: 2 | K4: =I4-G4 -> 0 | L4: =J4-H4 -> 0 | M4: =SQRT(K4^2+L4^2) -> 0 | N4: =$C4-G4 -> 0.5 | O4: =$D4-H4 -> 5.5 | P4: =SQRT(N4^2+O4^2) -> 5.5226805 | Q4: =IFERROR((K4*N4+L4*O4)/M4,0) -> 0 | R4: =IFERROR(Q4/M4,0) -> 0 | S4: =SQRT(P4^2-Q4^2) -> 5.5226805 | U4: 2.5 | V4: 2 | W4: 10 | X4: 8 | Y4: =W4-U4 -> 7.5 | Z4: =X4-V4 -> 6 | AA4: =SQRT(Y4^2+Z4^2) -> 9.6046864 | AB4: =$C4-U4 -> 6 | AC4: =$D4-V4 -> 5.5 | AD4: =SQRT(AB4^2+AC4^2) -> 8.1394103 | AE4: =(Y4*AB4+Z4*AC4)/AA4 -> 8.1210356 | AF4: =AE4/AA4 -> 0.84552846 | AG4: =SQRT(AD4^2-AE4^2) -> 0.54660817 | AI4: 11 | AJ4: 5 | AK4: 4 | AL4: 10 | AM4: =AK4-AI4 -> -7 | AN4: =AL4-AJ4 -> 5 | AO4: =SQRT(AM4^2+AN4^2) -> 8.6023253 | AP4: =$C4-AI4 -> -2.5 | AQ4: =$D4-AJ4 -> 2.5 | AR4: =SQRT(AP4^2+AQ4^2) -> 3.5355339 | AS4: =(AM4*AP4+AN4*AQ4)/AO4 -> 3.4874292 | AT4: =AS4/AO4 -> 0.40540541 | AU4: =SQRT(AR4^2-AS4^2) -> 0.58123819 | AX4: 4.5 | AY4: 7.5 | AZ4: 14.5 | BA4: 13 | BB4: =AZ4-AX4 -> 10 | BC4: =BA4-AY4 -> 5.5 | BD4: =SQRT(BB4^2+BC4^2) -> 11.412712 | BE4: =$C4-AX4 -> 4 | BF4: =$D4-AY4 -> 0 | BG4: =SQRT(BE4^2+BF4^2) -> 4 | BH4: =(BB4*BE4+BC4*BF4)/BD4 -> 3.5048636 | BI4: =BH4/BD4 -> 0.30710173 | BJ4: =SQRT(BG4^2-BH4^2) -> 1.927675 | BL4: 0 | BM4: 15 | BN4: 10 | BO4: 15 | BP4: =BN4-BL4 -> 10 | BQ4: =BO4-BM4 -> 0 | BR4: =SQRT(BP4^2+BQ4^2) -> 10 | BS4: =$C4-BL4 -> 8.5 | BT4: =$D4-BM4 -> -7.5 | BU4: =SQRT(BS4^2+BT4^2) -> 11.335784 | BV4: =(BP4*BS4+BQ4*BT4)/BR4 -> 8.5 | BW4: =BV4/BR4 -> 0.85 | BX4: =SQRT(BU4^2-BV4^2) -> 7.5
B5: 2 | C5: 10 | D5: 7.5 | E5: 0 | G5: 8 | H5: 2 | I5: 8 | J5: 2 | K5: =I5-G5 -> 0 | L5: =J5-H5 -> 0 | M5: =SQRT(K5^2+L5^2) -> 0 | N5: =$C5-G5 -> 2 | O5: =$D5-H5 -> 5.5 | P5: =SQRT(N5^2+O5^2) -> 5.85235 | Q5: =IFERROR((K5*N5+L5*O5)/M5,0) -> 0 | R5: =IFERROR(Q5/M5,0) -> 0 | S5: =SQRT(P5^2-Q5^2) -> 5.85235 | U5: 2.5 | V5: 2 | W5: 10 | X5: 8 | Y5: =W5-U5 -> 7.5 | Z5: =X5-V5 -> 6 | AA5: =SQRT(Y5^2+Z5^2) -> 9.6046864 | AB5: =$C5-U5 -> 7.5 | AC5: =$D5-V5 -> 5.5 | AD5: =SQRT(AB5^2+AC5^2) -> 9.3005376 | AE5: =(Y5*AB5+Z5*AC5)/AA5 -> 9.2923388 | AF5: =AE5/AA5 -> 0.96747967 | AG5: =SQRT(AD5^2-AE5^2) -> 0.3904344 | AI5: 11 | AJ5: 5 | AK5: 4 | AL5: 10 | AM5: =AK5-AI5 -> -7 | AN5: =AL5-AJ5 -> 5 | AO5: =SQRT(AM5^2+AN5^2) -> 8.6023253 | AP5: =$C5-AI5 -> -1 | AQ5: =$D5-AJ5 -> 2.5 | AR5: =SQRT(AP5^2+AQ5^2) -> 2.6925824 | AS5: =(AM5*AP5+AN5*AQ5)/AO5 -> 2.266829 | AT5: =AS5/AO5 -> 0.26351351 | AU5: =SQRT(AR5^2-AS5^2) -> 1.4530955 | AX5: 4.5 | AY5: 7.5 | AZ5: 14.5 | BA5: 13 | BB5: =AZ5-AX5 -> 10 | BC5: =BA5-AY5 -> 5.5 | BD5: =SQRT(BB5^2+BC5^2) -> 11.412712 | BE5: =$C5-AX5 -> 5.5 | BF5: =$D5-AY5 -> 0 | BG5: =SQRT(BE5^2+BF5^2) -> 5.5 | BH5: =(BB5*BE5+BC5*BF5)/BD5 -> 4.8191875 | BI5: =BH5/BD5 -> 0.42226488 | BJ5: =SQRT(BG5^2-BH5^2) -> 2.6505531 | BL5: 0 | BM5: 15 | BN5: 10 | BO5: 15 | BP5: =BN5-BL5 -> 10 | BQ5: =BO5-BM5 -> 0 | BR5: =SQRT(BP5^2+BQ5^2) -> 10 | BS5: =$C5-BL5 -> 10 | BT5: =$D5-BM5 -> -7.5 | BU5: =SQRT(BS5^2+BT5^2) -> 12.5 | BV5: =(BP5*BS5+BQ5*BT5)/BR5 -> 10 | BW5: =BV5/BR5 -> 1 | BX5: =SQRT(BU5^2-BV5^2) -> 7.5
B6: 3 | C6: 4.5 | D6: 3 | E6: 0 | G6: 8 | H6: 2 | I6: 8 | J6: 2 | K6: =I6-G6 -> 0 | L6: =J6-H6 -> 0 | M6: =SQRT(K6^2+L6^2) -> 0 | N6: =$C6-G6 -> -3.5 | O6: =$D6-H6 -> 1 | P6: =SQRT(N6^2+O6^2) -> 3.6400549 | Q6: =IFERROR((K6*N6+L6*O6)/M6,0) -> 0 | R6: =IFERROR(Q6/M6,0) -> 0 | S6: =SQRT(P6^2-Q6^2) -> 3.6400549 | U6: 2.5 | V6: 2 | W6: 10 | X6: 8 | Y6: =W6-U6 -> 7.5 | Z6: =X6-V6 -> 6 | AA6: =SQRT(Y6^2+Z6^2) -> 9.6046864 | AB6: =$C6-U6 -> 2 | AC6: =$D6-V6 -> 1 | AD6: =SQRT(AB6^2+AC6^2) -> 2.236068 | AE6: =(Y6*AB6+Z6*AC6)/AA6 -> 2.1864327 | AF6: =AE6/AA6 -> 0.22764228 | AG6: =SQRT(AD6^2-AE6^2) -> 0.46852129 | AI6: 11 | AJ6: 5 | AK6: 4 | AL6: 10 | AM6: =AK6-AI6 -> -7 | AN6: =AL6-AJ6 -> 5 | AO6: =SQRT(AM6^2+AN6^2) -> 8.6023253 | AP6: =$C6-AI6 -> -6.5 | AQ6: =$D6-AJ6 -> -2 | AR6: =SQRT(AP6^2+AQ6^2) -> 6.8007353 | AS6: =(AM6*AP6+AN6*AQ6)/AO6 -> 4.1267912 | AT6: =AS6/AO6 -> 0.47972973 | AU6: =SQRT(AR6^2-AS6^2) -> 5.4055152 | AX6: 4.5 | AY6: 7.5 | AZ6: 14.5 | BA6: 13 | BB6: =AZ6-AX6 -> 10 | BC6: =BA6-AY6 -> 5.5 | BD6: =SQRT(BB6^2+BC6^2) -> 11.412712 | BE6: =$C6-AX6 -> 0 | BF6: =$D6-AY6 -> -4.5 | BG6: =SQRT(BE6^2+BF6^2) -> 4.5 | BH6: =(BB6*BE6+BC6*BF6)/BD6 -> -2.1686344 | BI6: =BH6/BD6 -> -0.19001919 | BJ6: =SQRT(BG6^2-BH6^2) -> 3.9429716 | BL6: 0 | BM6: 15 | BN6: 10 | BO6: 15 | BP6: =BN6-BL6 -> 10 | BQ6: =BO6-BM6 -> 0 | BR6: =SQRT(BP6^2+BQ6^2) -> 10 | BS6: =$C6-BL6 -> 4.5 | BT6: =$D6-BM6 -> -12 | BU6: =SQRT(BS6^2+BT6^2) -> 12.816006 | BV6: =(BP6*BS6+BQ6*BT6)/BR6 -> 4.5 | BW6: =BV6/BR6 -> 0.45 | BX6: =SQRT(BU6^2-BV6^2) -> 12
B7: 4 | C7: 2.5 | D7: 3.5 | E7: 0 | G7: 8 | H7: 2 | I7: 8 | J7: 2 | K7: =I7-G7 -> 0 | L7: =J7-H7 -> 0 | M7: =SQRT(K7^2+L7^2) -> 0 | N7: =$C7-G7 -> -5.5 | O7: =$D7-H7 -> 1.5 | P7: =SQRT(N7^2+O7^2) -> 5.7008771 | Q7: =IFERROR((K7*N7+L7*O7)/M7,0) -> 0 | R7: =IFERROR(Q7/M7,0) -> 0 | S7: =SQRT(P7^2-Q7^2) -> 5.7008771 | U7: 2.5 | V7: 2 | W7: 10 | X7: 8 | Y7: =W7-U7 -> 7.5 | Z7: =X7-V7 -> 6 | AA7: =SQRT(Y7^2+Z7^2) -> 9.6046864 | AB7: =$C7-U7 -> 0 | AC7: =$D7-V7 -> 1.5 | AD7: =SQRT(AB7^2+AC7^2) -> 1.5 | AE7: =(Y7*AB7+Z7*AC7)/AA7 -> 0.93704257 | AF7: =AE7/AA7 -> 0.097560976 | AG7: =SQRT(AD7^2-AE7^2) -> 1.1713032 | AI7: 11 | AJ7: 5 | AK7: 4 | AL7: 10 | AM7: =AK7-AI7 -> -7 | AN7: =AL7-AJ7 -> 5 | AO7: =SQRT(AM7^2+AN7^2) -> 8.6023253 | AP7: =$C7-AI7 -> -8.5 | AQ7: =$D7-AJ7 -> -1.5 | AR7: =SQRT(AP7^2+AQ7^2) -> 8.6313383 | AS7: =(AM7*AP7+AN7*AQ7)/AO7 -> 6.0448772 | AT7: =AS7/AO7 -> 0.7027027 | AU7: =SQRT(AR7^2-AS7^2) -> 6.1611249 | AX7: 4.5 | AY7: 7.5 | AZ7: 14.5 | BA7: 13 | BB7: =AZ7-AX7 -> 10 | BC7: =BA7-AY7 -> 5.5 | BD7: =SQRT(BB7^2+BC7^2) -> 11.412712 | BE7: =$C7-AX7 -> -2 | BF7: =$D7-AY7 -> -4 | BG7: =SQRT(BE7^2+BF7^2) -> 4.472136 | BH7: =(BB7*BE7+BC7*BF7)/BD7 -> -3.6801068 | BI7: =BH7/BD7 -> -0.32245681 | BJ7: =SQRT(BG7^2-BH7^2) -> 2.5410261 | BL7: 0 | BM7: 15 | BN7: 10 | BO7: 15 | BP7: =BN7-BL7 -> 10 | BQ7: =BO7-BM7 -> 0 | BR7: =SQRT(BP7^2+BQ7^2) -> 10 | BS7: =$C7-BL7 -> 2.5 | BT7: =$D7-BM7 -> -11.5 | BU7: =SQRT(BS7^2+BT7^2) -> 11.768602 | BV7: =(BP7*BS7+BQ7*BT7)/BR7 -> 2.5 | BW7: =BV7/BR7 -> 0.25 | BX7: =SQRT(BU7^2-BV7^2) -> 11.5
B8: 5 | C8: 8.5 | D8: 6 | E8: 0 | G8: 8 | H8: 2 | I8: 8 | J8: 2 | K8: =I8-G8 -> 0 | L8: =J8-H8 -> 0 | M8: =SQRT(K8^2+L8^2) -> 0 | N8: =$C8-G8 -> 0.5 | O8: =$D8-H8 -> 4 | P8: =SQRT(N8^2+O8^2) -> 4.0311289 | Q8: =IFERROR((K8*N8+L8*O8)/M8,0) -> 0 | R8: =IFERROR(Q8/M8,0) -> 0 | S8: =SQRT(P8^2-Q8^2) -> 4.0311289 | U8: 2.5 | V8: 2 | W8: 10 | X8: 8 | Y8: =W8-U8 -> 7.5 | Z8: =X8-V8 -> 6 | AA8: =SQRT(Y8^2+Z8^2) -> 9.6046864 | AB8: =$C8-U8 -> 6 | AC8: =$D8-V8 -> 4 | AD8: =SQRT(AB8^2+AC8^2) -> 7.2111026 | AE8: =(Y8*AB8+Z8*AC8)/AA8 -> 7.183993 | AF8: =AE8/AA8 -> 0.74796748 | AG8: =SQRT(AD8^2-AE8^2) -> 0.62469505 | AI8: 11 | AJ8: 5 | AK8: 4 | AL8: 10 | AM8: =AK8-AI8 -> -7 | AN8: =AL8-AJ8 -> 5 | AO8: =SQRT(AM8^2+AN8^2) -> 8.6023253 | AP8: =$C8-AI8 -> -2.5 | AQ8: =$D8-AJ8 -> 1 | AR8: =SQRT(AP8^2+AQ8^2) -> 2.6925824 | AS8: =(AM8*AP8+AN8*AQ8)/AO8 -> 2.6155719 | AT8: =AS8/AO8 -> 0.30405405 | AU8: =SQRT(AR8^2-AS8^2) -> 0.63936201 | AX8: 4.5 | AY8: 7.5 | AZ8: 14.5 | BA8: 13 | BB8: =AZ8-AX8 -> 10 | BC8: =BA8-AY8 -> 5.5 | BD8: =SQRT(BB8^2+BC8^2) -> 11.412712 | BE8: =$C8-AX8 -> 4 | BF8: =$D8-AY8 -> -1.5 | BG8: =SQRT(BE8^2+BF8^2) -> 4.2720019 | BH8: =(BB8*BE8+BC8*BF8)/BD8 -> 2.7819855 | BI8: =BH8/BD8 -> 0.243762 | BJ8: =SQRT(BG8^2-BH8^2) -> 3.2419989 | BL8: 0 | BM8: 15 | BN8: 10 | BO8: 15 | BP8: =BN8-BL8 -> 10 | BQ8: =BO8-BM8 -> 0 | BR8: =SQRT(BP8^2+BQ8^2) -> 10 | BS8: =$C8-BL8 -> 8.5 | BT8: =$D8-BM8 -> -9 | BU8: =SQRT(BS8^2+BT8^2) -> 12.379418 | BV8: =(BP8*BS8+BQ8*BT8)/BR8 -> 8.5 | BW8: =BV8/BR8 -> 0.85 | BX8: =SQRT(BU8^2-BV8^2) -> 9
B9: 6 | C9: 7 | D9: 6 | E9: 0 | G9: 8 | H9: 2 | I9: 8 | J9: 2 | K9: =I9-G9 -> 0 | L9: =J9-H9 -> 0 | M9: =SQRT(K9^2+L9^2) -> 0 | N9: =$C9-G9 -> -1 | O9: =$D9-H9 -> 4 | P9: =SQRT(N9^2+O9^2) -> 4.1231056 | Q9: =IFERROR((K9*N9+L9*O9)/M9,0) -> 0 | R9: =IFERROR(Q9/M9,0) -> 0 | S9: =SQRT(P9^2-Q9^2) -> 4.1231056 | U9: 2.5 | V9: 2 | W9: 10 | X9: 8 | Y9: =W9-U9 -> 7.5 | Z9: =X9-V9 -> 6 | AA9: =SQRT(Y9^2+Z9^2) -> 9.6046864 | AB9: =$C9-U9 -> 4.5 | AC9: =$D9-V9 -> 4 | AD9: =SQRT(AB9^2+AC9^2) -> 6.0207973 | AE9: =(Y9*AB9+Z9*AC9)/AA9 -> 6.0126898 | AF9: =AE9/AA9 -> 0.62601626 | AG9: =SQRT(AD9^2-AE9^2) -> 0.31234752 | AI9: 11 | AJ9: 5 | AK9: 4 | AL9: 10 | AM9: =AK9-AI9 -> -7 | AN9: =AL9-AJ9 -> 5 | AO9: =SQRT(AM9^2+AN9^2) -> 8.6023253 | AP9: =$C9-AI9 -> -4 | AQ9: =$D9-AJ9 -> 1 | AR9: =SQRT(AP9^2+AQ9^2) -> 4.1231056 | AS9: =(AM9*AP9+AN9*AQ9)/AO9 -> 3.8361721 | AT9: =AS9/AO9 -> 0.44594595 | AU9: =SQRT(AR9^2-AS9^2) -> 1.5112193 | AX9: 4.5 | AY9: 7.5 | AZ9: 14.5 | BA9: 13 | BB9: =AZ9-AX9 -> 10 | BC9: =BA9-AY9 -> 5.5 | BD9: =SQRT(BB9^2+BC9^2) -> 11.412712 | BE9: =$C9-AX9 -> 2.5 | BF9: =$D9-AY9 -> -1.5 | BG9: =SQRT(BE9^2+BF9^2) -> 2.9154759 | BH9: =(BB9*BE9+BC9*BF9)/BD9 -> 1.4676616 | BI9: =BH9/BD9 -> 0.12859885 | BJ9: =SQRT(BG9^2-BH9^2) -> 2.5191207 | BL9: 0 | BM9: 15 | BN9: 10 | BO9: 15 | BP9: =BN9-BL9 -> 10 | BQ9: =BO9-BM9 -> 0 | BR9: =SQRT(BP9^2+BQ9^2) -> 10 | BS9: =$C9-BL9 -> 7 | BT9: =$D9-BM9 -> -9 | BU9: =SQRT(BS9^2+BT9^2) -> 11.401754 | BV9: =(BP9*BS9+BQ9*BT9)/BR9 -> 7 | BW9: =BV9/BR9 -> 0.7 | BX9: =SQRT(BU9^2-BV9^2) -> 9
B10: 7 | C10: 6.5 | D10: 6.5 | E10: 0 | G10: 8 | H10: 2 | I10: 8 | J10: 2 | K10: =I10-G10 -> 0 | L10: =J10-H10 -> 0 | M10: =SQRT(K10^2+L10^2) -> 0 | N10: =$C10-G10 -> -1.5 | O10: =$D10-H10 -> 4.5 | P10: =SQRT(N10^2+O10^2) -> 4.7434165 | Q10: =IFERROR((K10*N10+L10*O10)/M10,0) -> 0 | R10: =IFERROR(Q10/M10,0) -> 0 | S10: =SQRT(P10^2-Q10^2) -> 4.7434165 | U10: 2.5 | V10: 2 | W10: 10 | X10: 8 | Y10: =W10-U10 -> 7.5 | Z10: =X10-V10 -> 6 | AA10: =SQRT(Y10^2+Z10^2) -> 9.6046864 | AB10: =$C10-U10 -> 4 | AC10: =$D10-V10 -> 4.5 | AD10: =SQRT(AB10^2+AC10^2) -> 6.0207973 | AE10: =(Y10*AB10+Z10*AC10)/AA10 -> 5.934603 | AF10: =AE10/AA10 -> 0.61788618 | AG10: =SQRT(AD10^2-AE10^2) -> 1.0151295 | AI10: 11 | AJ10: 5 | AK10: 4 | AL10: 10 | AM10: =AK10-AI10 -> -7 | AN10: =AL10-AJ10 -> 5 | AO10: =SQRT(AM10^2+AN10^2) -> 8.6023253 | AP10: =$C10-AI10 -> -4.5 | AQ10: =$D10-AJ10 -> 1.5 | AR10: =SQRT(AP10^2+AQ10^2) -> 4.7434165 | AS10: =(AM10*AP10+AN10*AQ10)/AO10 -> 4.5336579 | AT10: =AS10/AO10 -> 0.52702703 | AU10: =SQRT(AR10^2-AS10^2) -> 1.3949717 | AX10: 4.5 | AY10: 7.5 | AZ10: 14.5 | BA10: 13 | BB10: =AZ10-AX10 -> 10 | BC10: =BA10-AY10 -> 5.5 | BD10: =SQRT(BB10^2+BC10^2) -> 11.412712 | BE10: =$C10-AX10 -> 2 | BF10: =$D10-AY10 -> -1 | BG10: =SQRT(BE10^2+BF10^2) -> 2.236068 | BH10: =(BB10*BE10+BC10*BF10)/BD10 -> 1.2705131 | BI10: =BH10/BD10 -> 0.11132438 | BJ10: =SQRT(BG10^2-BH10^2) -> 1.8400534 | BL10: 0 | BM10: 15 | BN10: 10 | BO10: 15 | BP10: =BN10-BL10 -> 10 | BQ10: =BO10-BM10 -> 0 | BR10: =SQRT(BP10^2+BQ10^2) -> 10 | BS10: =$C10-BL10 -> 6.5 | BT10: =$D10-BM10 -> -8.5 | BU10: =SQRT(BS10^2+BT10^2) -> 10.700467 | BV10: =(BP10*BS10+BQ10*BT10)/BR10 -> 6.5 | BW10: =BV10/BR10 -> 0.65 | BX10: =SQRT(BU10^2-BV10^2) -> 8.5
B11: 8 | C11: 6.5 | D11: 8 | E11: 0 | G11: 8 | H11: 2 | I11: 8 | J11: 2 | K11: =I11-G11 -> 0 | L11: =J11-H11 -> 0 | M11: =SQRT(K11^2+L11^2) -> 0 | N11: =$C11-G11 -> -1.5 | O11: =$D11-H11 -> 6 | P11: =SQRT(N11^2+O11^2) -> 6.1846584 | Q11: =IFERROR((K11*N11+L11*O11)/M11,0) -> 0 | R11: =IFERROR(Q11/M11,0) -> 0 | S11: =SQRT(P11^2-Q11^2) -> 6.1846584 | U11: 2.5 | V11: 2 | W11: 10 | X11: 8 | Y11: =W11-U11 -> 7.5 | Z11: =X11-V11 -> 6 | AA11: =SQRT(Y11^2+Z11^2) -> 9.6046864 | AB11: =$C11-U11 -> 4 | AC11: =$D11-V11 -> 6 | AD11: =SQRT(AB11^2+AC11^2) -> 7.2111026 | AE11: =(Y11*AB11+Z11*AC11)/AA11 -> 6.8716455 | AF11: =AE11/AA11 -> 0.71544715 | AG11: =SQRT(AD11^2-AE11^2) -> 2.1864327 | AI11: 11 | AJ11: 5 | AK11: 4 | AL11: 10 | AM11: =AK11-AI11 -> -7 | AN11: =AL11-AJ11 -> 5 | AO11: =SQRT(AM11^2+AN11^2) -> 8.6023253 | AP11: =$C11-AI11 -> -4.5 | AQ11: =$D11-AJ11 -> 3 | AR11: =SQRT(AP11^2+AQ11^2) -> 5.4083269 | AS11: =(AM11*AP11+AN11*AQ11)/AO11 -> 5.4055152 | AT11: =AS11/AO11 -> 0.62837838 | AU11: =SQRT(AR11^2-AS11^2) -> 0.17437146 | AX11: 4.5 | AY11: 7.5 | AZ11: 14.5 | BA11: 13 | BB11: =AZ11-AX11 -> 10 | BC11: =BA11-AY11 -> 5.5 | BD11: =SQRT(BB11^2+BC11^2) -> 11.412712 | BE11: =$C11-AX11 -> 2 | BF11: =$D11-AY11 -> 0.5 | BG11: =SQRT(BE11^2+BF11^2) -> 2.0615528 | BH11: =(BB11*BE11+BC11*BF11)/BD11 -> 1.9933912 | BI11: =BH11/BD11 -> 0.17466411 | BJ11: =SQRT(BG11^2-BH11^2) -> 0.52572955 | BL11: 0 | BM11: 15 | BN11: 10 | BO11: 15 | BP11: =BN11-BL11 -> 10 | BQ11: =BO11-BM11 -> 0 | BR11: =SQRT(BP11^2+BQ11^2) -> 10 | BS11: =$C11-BL11 -> 6.5 | BT11: =$D11-BM11 -> -7 | BU11: =SQRT(BS11^2+BT11^2) -> 9.5524866 | BV11: =(BP11*BS11+BQ11*BT11)/BR11 -> 6.5 | BW11: =BV11/BR11 -> 0.65 | BX11: =SQRT(BU11^2-BV11^2) -> 7
B12: 9 | C12: 5.5 | D12: 8.5 | E12: 0 | G12: 8 | H12: 2 | I12: 8 | J12: 2 | K12: =I12-G12 -> 0 | L12: =J12-H12 -> 0 | M12: =SQRT(K12^2+L12^2) -> 0 | N12: =$C12-G12 -> -2.5 | O12: =$D12-H12 -> 6.5 | P12: =SQRT(N12^2+O12^2) -> 6.9641941 | Q12: =IFERROR((K12*N12+L12*O12)/M12,0) -> 0 | R12: =IFERROR(Q12/M12,0) -> 0 | S12: =SQRT(P12^2-Q12^2) -> 6.9641941 | U12: 2.5 | V12: 2 | W12: 10 | X12: 8 | Y12: =W12-U12 -> 7.5 | Z12: =X12-V12 -> 6 | AA12: =SQRT(Y12^2+Z12^2) -> 9.6046864 | AB12: =$C12-U12 -> 3 | AC12: =$D12-V12 -> 6.5 | AD12: =SQRT(AB12^2+AC12^2) -> 7.1589105 | AE12: =(Y12*AB12+Z12*AC12)/AA12 -> 6.4031242 | AF12: =AE12/AA12 -> 0.66666667 | AG12: =SQRT(AD12^2-AE12^2) -> 3.2015621 | AI12: 11 | AJ12: 5 | AK12: 4 | AL12: 10 | AM12: =AK12-AI12 -> -7 | AN12: =AL12-AJ12 -> 5 | AO12: =SQRT(AM12^2+AN12^2) -> 8.6023253 | AP12: =$C12-AI12 -> -5.5 | AQ12: =$D12-AJ12 -> 3.5 | AR12: =SQRT(AP12^2+AQ12^2) -> 6.5192024 | AS12: =(AM12*AP12+AN12*AQ12)/AO12 -> 6.5098678 | AT12: =AS12/AO12 -> 0.75675676 | AU12: =SQRT(AR12^2-AS12^2) -> 0.34874292 | AX12: 4.5 | AY12: 7.5 | AZ12: 14.5 | BA12: 13 | BB12: =AZ12-AX12 -> 10 | BC12: =BA12-AY12 -> 5.5 | BD12: =SQRT(BB12^2+BC12^2) -> 11.412712 | BE12: =$C12-AX12 -> 1 | BF12: =$D12-AY12 -> 1 | BG12: =SQRT(BE12^2+BF12^2) -> 1.4142136 | BH12: =(BB12*BE12+BC12*BF12)/BD12 -> 1.3581347 | BI12: =BH12/BD12 -> 0.11900192 | BJ12: =SQRT(BG12^2-BH12^2) -> 0.39429716 | BL12: 0 | BM12: 15 | BN12: 10 | BO12: 15 | BP12: =BN12-BL12 -> 10 | BQ12: =BO12-BM12 -> 0 | BR12: =SQRT(BP12^2+BQ12^2) -> 10 | BS12: =$C12-BL12 -> 5.5 | BT12: =$D12-BM12 -> -6.5 | BU12: =SQRT(BS12^2+BT12^2) -> 8.5146932 | BV12: =(BP12*BS12+BQ12*BT12)/BR12 -> 5.5 | BW12: =BV12/BR12 -> 0.55 | BX12: =SQRT(BU12^2-BV12^2) -> 6.5
B13: 10 | C13: 5 | D13: 7.5 | E13: 0 | G13: 8 | H13: 2 | I13: 8 | J13: 2 | K13: =I13-G13 -> 0 | L13: =J13-H13 -> 0 | M13: =SQRT(K13^2+L13^2) -> 0 | N13: =$C13-G13 -> -3 | O13: =$D13-H13 -> 5.5 | P13: =SQRT(N13^2+O13^2) -> 6.264982 | Q13: =IFERROR((K13*N13+L13*O13)/M13,0) -> 0 | R13: =IFERROR(Q13/M13,0) -> 0 | S13: =SQRT(P13^2-Q13^2) -> 6.264982 | U13: 2.5 | V13: 2 | W13: 10 | X13: 8 | Y13: =W13-U13 -> 7.5 | Z13: =X13-V13 -> 6 | AA13: =SQRT(Y13^2+Z13^2) -> 9.6046864 | AB13: =$C13-U13 -> 2.5 | AC13: =$D13-V13 -> 5.5 | AD13: =SQRT(AB13^2+AC13^2) -> 6.041523 | AE13: =(Y13*AB13+Z13*AC13)/AA13 -> 5.3879948 | AF13: =AE13/AA13 -> 0.56097561 | AG13: =SQRT(AD13^2-AE13^2) -> 2.7330408 | AI13: 11 | AJ13: 5 | AK13: 4 | AL13: 10 | AM13: =AK13-AI13 -> -7 | AN13: =AL13-AJ13 -> 5 | AO13: =SQRT(AM13^2+AN13^2) -> 8.6023253 | AP13: =$C13-AI13 -> -6 | AQ13: =$D13-AJ13 -> 2.5 | AR13: =SQRT(AP13^2+AQ13^2) -> 6.5 | AS13: =(AM13*AP13+AN13*AQ13)/AO13 -> 6.3354963 | AT13: =AS13/AO13 -> 0.73648649 | AU13: =SQRT(AR13^2-AS13^2) -> 1.4530955 | AX13: 4.5 | AY13: 7.5 | AZ13: 14.5 | BA13: 13 | BB13: =AZ13-AX13 -> 10 | BC13: =BA13-AY13 -> 5.5 | BD13: =SQRT(BB13^2+BC13^2) -> 11.412712 | BE13: =$C13-AX13 -> 0.5 | BF13: =$D13-AY13 -> 0 | BG13: =SQRT(BE13^2+BF13^2) -> 0.5 | BH13: =(BB13*BE13+BC13*BF13)/BD13 -> 0.43810795 | BI13: =BH13/BD13 -> 0.038387716 | BJ13: =SQRT(BG13^2-BH13^2) -> 0.24095937 | BL13: 0 | BM13: 15 | BN13: 10 | BO13: 15 | BP13: =BN13-BL13 -> 10 | BQ13: =BO13-BM13 -> 0 | BR13: =SQRT(BP13^2+BQ13^2) -> 10 | BS13: =$C13-BL13 -> 5 | BT13: =$D13-BM13 -> -7.5 | BU13: =SQRT(BS13^2+BT13^2) -> 9.0138782 | BV13: =(BP13*BS13+BQ13*BT13)/BR13 -> 5 | BW13: =BV13/BR13 -> 0.5 | BX13: =SQRT(BU13^2-BV13^2) -> 7.5
B14: 11 | C14: 9.5 | D14: 9.5 | E14: 0 | G14: 8 | H14: 2 | I14: 8 | J14: 2 | K14: =I14-G14 -> 0 | L14: =J14-H14 -> 0 | M14: =SQRT(K14^2+L14^2) -> 0 | N14: =$C14-G14 -> 1.5 | O14: =$D14-H14 -> 7.5 | P14: =SQRT(N14^2+O14^2) -> 7.6485293 | Q14: =IFERROR((K14*N14+L14*O14)/M14,0) -> 0 | R14: =IFERROR(Q14/M14,0) -> 0 | S14: =SQRT(P14^2-Q14^2) -> 7.6485293 | U14: 2.5 | V14: 2 | W14: 10 | X14: 8 | Y14: =W14-U14 -> 7.5 | Z14: =X14-V14 -> 6 | AA14: =SQRT(Y14^2+Z14^2) -> 9.6046864 | AB14: =$C14-U14 -> 7 | AC14: =$D14-V14 -> 7.5 | AD14: =SQRT(AB14^2+AC14^2) -> 10.259142 | AE14: =(Y14*AB14+Z14*AC14)/AA14 -> 10.151295 | AF14: =AE14/AA14 -> 1.0569106 | AG14: =SQRT(AD14^2-AE14^2) -> 1.4836507 | AI14: 11 | AJ14: 5 | AK14: 4 | AL14: 10 | AM14: =AK14-AI14 -> -7 | AN14: =AL14-AJ14 -> 5 | AO14: =SQRT(AM14^2+AN14^2) -> 8.6023253 | AP14: =$C14-AI14 -> -1.5 | AQ14: =$D14-AJ14 -> 4.5 | AR14: =SQRT(AP14^2+AQ14^2) -> 4.7434165 | AS14: =(AM14*AP14+AN14*AQ14)/AO14 -> 3.8361721 | AT14: =AS14/AO14 -> 0.44594595 | AU14: =SQRT(AR14^2-AS14^2) -> 2.7899433 | AX14: 4.5 | AY14: 7.5 | AZ14: 14.5 | BA14: 13 | BB14: =AZ14-AX14 -> 10 | BC14: =BA14-AY14 -> 5.5 | BD14: =SQRT(BB14^2+BC14^2) -> 11.412712 | BE14: =$C14-AX14 -> 5 | BF14: =$D14-AY14 -> 2 | BG14: =SQRT(BE14^2+BF14^2) -> 5.3851648 | BH14: =(BB14*BE14+BC14*BF14)/BD14 -> 5.344917 | BI14: =BH14/BD14 -> 0.46833013 | BJ14: =SQRT(BG14^2-BH14^2) -> 0.65716193 | BL14: 0 | BM14: 15 | BN14: 10 | BO14: 15 | BP14: =BN14-BL14 -> 10 | BQ14: =BO14-BM14 -> 0 | BR14: =SQRT(BP14^2+BQ14^2) -> 10 | BS14: =$C14-BL14 -> 9.5 | BT14: =$D14-BM14 -> -5.5 | BU14: =SQRT(BS14^2+BT14^2) -> 10.977249 | BV14: =(BP14*BS14+BQ14*BT14)/BR14 -> 9.5 | BW14: =BV14/BR14 -> 0.95 | BX14: =SQRT(BU14^2-BV14^2) -> 5.5
... B20: 17 | C20: 4.5 | D20: 13.25 | E20: 1 | G20: 8 | H20: 2 | I20: 8 | J20: 2 | K20: =I20-G20 -> 0 | L20: =J20-H20 -> 0 | M20: =SQRT(K20^2+L20^2) -> 0 | N20: =$C20-G20 -> -3.5 | O20: =$D20-H20 -> 11.25 | P20: =SQRT(N20^2+O20^2) -> 11.781872 | Q20: =IFERROR((K20*N20+L20*O20)/M20,0) -> 0 | R20: =IFERROR(Q20/M20,0) -> 0 | S20: =SQRT(P20^2-Q20^2) -> 11.781872 | U20: 2.5 | V20: 2 | W20: 10 | X20: 8 | Y20: =W20-U20 -> 7.5 | Z20: =X20-V20 -> 6 | AA20: =SQRT(Y20^2+Z20^2) -> 9.6046864 | AB20: =$C20-U20 -> 2 | AC20: =$D20-V20 -> 11.25 | AD20: =SQRT(AB20^2+AC20^2) -> 11.426395 | AE20: =(Y20*AB20+Z20*AC20)/AA20 -> 8.5895569 | AF20: =AE20/AA20 -> 0.89430894 | AG20: =SQRT(AD20^2-AE20^2) -> 7.535384 | AI20: 11 | AJ20: 5 | AK20: 4 | AL20: 10 | AM20: =AK20-AI20 -> -7 | AN20: =AL20-AJ20 -> 5 | AO20: =SQRT(AM20^2+AN20^2) -> 8.6023253 | AP20: =$C20-AI20 -> -6.5 | AQ20: =$D20-AJ20 -> 8.25 | AR20: =SQRT(AP20^2+AQ20^2) -> 10.502976 | AS20: =(AM20*AP20+AN20*AQ20)/AO20 -> 10.084483 | AT20: =AS20/AO20 -> 1.1722973 | AU20: =SQRT(AR20^2-AS20^2) -> 2.9352529 | AX20: 4.5 | AY20: 7.5 | AZ20: 14.5 | BA20: 13 | BB20: =AZ20-AX20 -> 10 | BC20: =BA20-AY20 -> 5.5 | BD20: =SQRT(BB20^2+BC20^2) -> 11.412712 | BE20: =$C20-AX20 -> 0 | BF20: =$D20-AY20 -> 5.75 | BG20: =SQRT(BE20^2+BF20^2) -> 5.75 | BH20: =(BB20*BE20+BC20*BF20)/BD20 -> 2.7710328 | BI20: =BH20/BD20 -> 0.2428023 | BJ20: =SQRT(BG20^2-BH20^2) -> 5.0382415 | BL20: 0 | BM20: 15 | BN20: 10 | BO20: 15 | BP20: =BN20-BL20 -> 10 | BQ20: =BO20-BM20 -> 0 | BR20: =SQRT(BP20^2+BQ20^2) -> 10 | BS20: =$C20-BL20 -> 4.5 | BT20: =$D20-BM20 -> -1.75 | BU20: =SQRT(BS20^2+BT20^2) -> 4.828302 | BV20: =(BP20*BS20+BQ20*BT20)/BR20 -> 4.5 | BW20: =BV20/BR20 -> 0.45 | BX20: =SQRT(BU20^2-BV20^2) -> 1.75

Sheet Лист2
C2: Item | D2: Radius | E2: Gatherer | F2: ratio | G2: p | H2: Square | I2: in_projection | J2: captured
C3: 0 | D3: =VLOOKUP(C3,Лист1!$B$3:$E$20,4,0) -> 0 | E3: 1 | F3: 0.87804878 | G3: 4.1386047 | H3: =G3^2 -> 17.128049 | I3: =IF(AND(F3>0,F3<1),"ok","NO") -> ok | J3: =IF(AND(G3<1+D3,I3="ok"),"yes","NO") -> NO | M3: ="{"&Лист2!C3&", "&E3&", "&H3&", "&F3&"}," -> {0, 1, 17,1280487804878, 0,878048780487805},
C4: 10 | D4: =VLOOKUP(C4,Лист1!$B$3:$E$20,4,0) -> 0 | E4: 3 | F4: 0.038387716 | G4: 0.24095937 | H4: =G4^2 -> 0.05806142 | I4: =IF(AND(F4>0,F4<1),"ok","NO") -> ok | J4: =IF(AND(G4<1+D4,I4="ok"),"yes","NO") -> yes | M4: ="{"&Лист2!C4&", "&E4&", "&H4&", "&F4&"}," -> {10, 3, 0,0580614203454894, 0,0383877159309021},
C5: 9 | D5: =VLOOKUP(C5,Лист1!$B$3:$E$20,4,0) -> 0 | E5: 3 | F5: 0.11900192 | G5: 0.39429716 | H5: =G5^2 -> 0.15547025 | I5: =IF(AND(F5>0,F5<1),"ok","NO") -> ok | J5: =IF(AND(G5<1+D5,I5="ok"),"yes","NO") -> yes | M5: ="{"&Лист2!C5&", "&E5&", "&H5&", "&F5&"}," -> {9, 3, 0,155470249520154, 0,119001919385797},
C6: 8 | D6: =VLOOKUP(C6,Лист1!$B$3:$E$20,4,0) -> 0 | E6: 3 | F6: 0.17466411 | G6: 0.52572955 | H6: =G6^2 -> 0.27639155 | I6: =IF(AND(F6>0,F6<1),"ok","NO") -> ok | J6: =IF(AND(G6<1+D6,I6="ok"),"yes","NO") -> yes | M6: ="{"&Лист2!C6&", "&E6&", "&H6&", "&F6&"}," -> {8, 3, 0,276391554702494, 0,174664107485605},
C7: 4 | D7: =VLOOKUP(C7,Лист1!$B$3:$E$20,4,0) -> 0 | E7: 1 | F7: 0.097560976 | G7: 1.1713032 | H7: =G7^2 -> 1.3719512 | I7: =IF(AND(F7>0,F7<1),"ok","NO") -> ok | J7: =IF(AND(G7<1+D7,I7="ok"),"yes","NO") -> NO | M7: ="{"&Лист2!C7&", "&E7&", "&H7&", "&F7&"}," -> {4, 1, 1,3719512195122, 0,0975609756097561},
C8: 3 | D8: =VLOOKUP(C8,Лист1!$B$3:$E$20,4,0) -> 0 | E8: 1 | F8: 0.22764228 | G8: 0.46852129 | H8: =G8^2 -> 0.2195122 | I8: =IF(AND(F8>0,F8<1),"ok","NO") -> ok | J8: =IF(AND(G8<1+D8,I8="ok"),"yes","NO") -> yes | M8: ="{"&Лист2!C8&", "&E8&", "&H8&", "&F8&"}," -> {3, 1, 0,219512195121952, 0,227642276422764},
C9: 5 | D9: =VLOOKUP(C9,Лист1!$B$3:$E$20,4,0) -> 0 | E9: 2 | F9: 0.30405405 | G9: 0.63936201 | H9: =G9^2 -> 0.40878378 | I9: =IF(AND(F9>0,F9<1),"ok","NO") -> ok | J9: =IF(AND(G9<1+D9,I9="ok"),"yes","NO") -> yes | M9: ="{"&Лист2!C9&", "&E9&", "&H9&", "&F9&"}," -> {5, 2, 0,408783783783783, 0,304054054054054},
C10: 7 | D10: =VLOOKUP(C10,Лист1!$B$3:$E$20,4,0) -> 0 | E10: 1 | F10: 0.61788618 | G10: 1.0151295 | H10: =G10^2 -> 1.0304878 | I10: =IF(AND(F10>0,F10<1),"ok","NO") -> ok | J10: =IF(AND(G10<1+D10,I10="ok"),"yes","NO") -> NO | M10: ="{"&Лист2!C10&", "&E10&", "&H10&", "&F10&"}," -> {7, 1, 1,03048780487805, 0,617886178861789},
C11: 8 | D11: =VLOOKUP(C11,Лист1!$B$3:$E$20,4,0) -> 0 | E11: 1 | F11: 0.71544715 | G11: 2.1864327 | H11: =G11^2 -> 4.7804878 | I11: =IF(AND(F11>0,F11<1),"ok","NO") -> ok | J11: =IF(AND(G11<1+D11,I11="ok"),"yes","NO") -> NO | M11: ="{"&Лист2!C11&", "&E11&", "&H11&", "&F11&"}," -> {8, 1, 4,78048780487804, 0,715447154471545},
C12: 9 | D12: =VLOOKUP(C12,Лист1!$B$3:$E$20,4,0) -> 0 | E12: 1 | F12: 0.66666667 | G12: 3.2015621 | H12: =G12^2 -> 10.25 | I12: =IF(AND(F12>0,F12<1),"ok","NO") -> ok | J12: =IF(AND(G12<1+D12,I12="ok"),"yes","NO") -> NO | M12: ="{"&Лист2!C12&", "&E12&", "&H12&", "&F12&"}," -> {9, 1, 10,25, 0,666666666666667},
C13: 10 | D13: =VLOOKUP(C13,Лист1!$B$3:$E$20,4,0) -> 0 | E13: 1 | F13: 0.56097561 | G13: 2.7330408 | H13: =G13^2 -> 7.4695122 | I13: =IF(AND(F13>0,F13<1),"ok","NO") -> ok | J13: =IF(AND(G13<1+D13,I13="ok"),"yes","NO") -> NO | M13: ="{"&Лист2!C13&", "&E13&", "&H13&", "&F13&"}," -> {10, 1, 7,46951219512195, 0,560975609756098},
C14: 11 | D14: =VLOOKUP(C14,Лист1!$B$3:$E$20,4,0) -> 0 | E14: 1 | F14: 1.0569106 | G14: 1.4836507 | H14: =G14^2 -> 2.2012195 | I14: =IF(AND(F14>0,F14<1),"ok","NO") -> NO | J14: =IF(AND(G14<1+D14,I14="ok"),"yes","NO") -> NO | M14: ="{"&Лист2!C14&", "&E14&", "&H14&", "&F14&"}," -> {11, 1, 2,20121951219512, 1,05691056910569},
... C74: 2 | D74: =VLOOKUP(C74,Лист1!$B$3:$E$20,4,0) -> 0 | E74: 1 | F74: 0.96747967 | G74: 0.3904344 | H74: =G74^2 -> 0.15243902 | I74: =IF(AND(F74>0,F74<1),"ok","NO") -> ok | J74: =IF(AND(G74<1+D74,I74="ok"),"yes","NO") -> yes | M74: ="{"&Лист2!C74&", "&E74&", "&H74&", "&F74&"}," -> {2, 1, 0,152439024390219, 0,967479674796748},
